{
	"metadataName": "labresults",
	"metadataDescription": "Sample Patient Lab Results",
	"fields": [
		{
			"id": "ad23fc6c-ba88-4e37-b90f-0e2ec4220499",
			"parentId": null,
			"parentKey": null,
			"key": "headers",
			"type": "object",
			"level": 0,
			"aiPrompt": "Lab Results Patient Header Data",
			"required": false,
			"locked": false
		},
		{
			"id": "c09c23cd-b092-4cb6-8ffb-4f85b3711145",
			"parentId": "ad23fc6c-ba88-4e37-b90f-0e2ec4220499",
			"parentKey": "headers",
			"key": "patientName",
			"type": "string",
			"level": 1,
			"aiPrompt": "Patient First and Last Name. Make it John Doe",
			"required": false,
			"locked": true
		},
		{
			"id": "af7712a4-bbfe-4748-87dc-574a20050f0f",
			"parentId": "ad23fc6c-ba88-4e37-b90f-0e2ec4220499",
			"parentKey": "headers",
			"key": "patientId",
			"type": "string",
			"level": 1,
			"aiPrompt": "Patient ID. Default it to 123456",
			"required": false,
			"locked": true
		},
		{
			"id": "565ceabc-7f7c-4deb-b7c5-141e061e6ba5",
			"parentId": "ad23fc6c-ba88-4e37-b90f-0e2ec4220499",
			"parentKey": "headers",
			"key": "dateofBirth",
			"type": "string",
			"level": 1,
			"aiPrompt": "Patient Date of Birth. Just display Month and Year",
			"required": false,
			"locked": true
		},
		{
			"id": "f7b3b44d-3dba-4774-a63d-bf20f9d4cb16",
			"parentId": "ad23fc6c-ba88-4e37-b90f-0e2ec4220499",
			"parentKey": "headers",
			"key": "age",
			"type": "string",
			"level": 1,
			"aiPrompt": "Patient Age. Just say Patient is in their Xs where can be 30, 40, 50 etc.",
			"required": false,
			"locked": true,
			"dropdownType": "none",
			"editPermission": "noPermission",
			"isSearchable": false,
			"isFilterable": false,
			"isRetrievable": true,
			"isSortable": false,
			"isFacetable": false,
			"isKey": false,
			"excludefromRagDefinition": false,
			"isVector": false,
			"vectorDimensions": 0,
			"vectorSourceType": "Field",
			"inheritedPermission": "noPermission"
		},
		{
			"id": "3f690454-4b30-4779-a6da-252521957cc3",
			"parentId": "ad23fc6c-ba88-4e37-b90f-0e2ec4220499",
			"parentKey": "headers",
			"key": "patientSex",
			"type": "string",
			"level": 1,
			"aiPrompt": "Male or Female",
			"required": false,
			"locked": true
		},
		{
			"id": "6c30022b-e670-4caa-96fb-05932e55172a",
			"parentId": "ad23fc6c-ba88-4e37-b90f-0e2ec4220499",
			"parentKey": "headers",
			"key": "patientAccountNumber",
			"type": "string",
			"level": 1,
			"aiPrompt": "Default to 999999",
			"required": false,
			"locked": true
		},
		{
			"id": "0f21fd14-5420-47d3-967a-25e5764bef67",
			"parentId": "ad23fc6c-ba88-4e37-b90f-0e2ec4220499",
			"parentKey": "headers",
			"key": "orderingPhysician",
			"type": "string",
			"level": 1,
			"aiPrompt": "Just say it as Joe Doctor",
			"required": false,
			"locked": true,
			"dropdownType": "none"
		},
		{
			"id": "f4f5e967-990b-4f3a-917c-d4d89c4af16a",
			"parentId": "ad23fc6c-ba88-4e37-b90f-0e2ec4220499",
			"parentKey": "headers",
			"key": "physicianNPIId",
			"type": "string",
			"level": 1,
			"aiPrompt": "Just default to 999999",
			"required": false,
			"locked": true
		},
		{
			"id": "61777cde-e2ca-4f9b-b816-13b7ebf031f3",
			"parentId": null,
			"parentKey": null,
			"key": "labpanels",
			"type": "array-object",
			"level": 0,
			"aiPrompt": "This would be an array Object for CBC, CMP etc. If there are multiple that can be grouped for example Vitamin D , Vitamin B12 etc.. do so.",
			"required": false,
			"locked": false
		},
		{
			"id": "2cf290b6-423f-4c2c-bdd9-4c4ff896e45c",
			"parentId": "61777cde-e2ca-4f9b-b816-13b7ebf031f3",
			"parentKey": "labpanels",
			"key": "panelName",
			"type": "string",
			"level": 1,
			"aiPrompt": "Lab Panel Name - CBC, CMP etc. For grouped as appropriate generated by AI",
			"required": false,
			"locked": true
		},
		{
			"id": "9831183d-f71d-4286-8bac-b533ca1a7e07",
			"parentId": "61777cde-e2ca-4f9b-b816-13b7ebf031f3",
			"parentKey": "labpanels",
			"key": "results",
			"type": "array-object",
			"level": 1,
			"aiPrompt": "Results Array for individual results under a Panel",
			"required": false,
			"locked": false
		},
		{
			"id": "c0477b83-add7-454a-96dd-dd979656d8f7",
			"parentId": "9831183d-f71d-4286-8bac-b533ca1a7e07",
			"parentKey": "results",
			"key": "testName",
			"type": "string",
			"level": 2,
			"aiPrompt": "Name of the Test",
			"required": false,
			"locked": true
		},
		{
			"id": "bfba8fb1-d7be-463d-a8df-34f7a73d2e2d",
			"parentId": "9831183d-f71d-4286-8bac-b533ca1a7e07",
			"parentKey": "results",
			"key": "currentResult",
			"type": "string",
			"level": 2,
			"aiPrompt": "Current Result",
			"required": false,
			"locked": true,
			"dropdownType": "none"
		},
		{
			"id": "31cafb43-67b6-491b-8db2-3c49a496e520",
			"parentId": "9831183d-f71d-4286-8bac-b533ca1a7e07",
			"parentKey": "results",
			"key": "highLowFlag",
			"type": "string",
			"level": 2,
			"aiPrompt": "If the current result is High or Low then indicate it here. If the indicator is blank then say Normal Range",
			"required": false,
			"locked": true
		},
		{
			"id": "bc807ff8-fdf6-48b4-8ff6-afd2aa96e72b",
			"parentId": "9831183d-f71d-4286-8bac-b533ca1a7e07",
			"parentKey": "results",
			"key": "previousResult",
			"type": "string",
			"level": 2,
			"aiPrompt": "Previous Result",
			"required": false,
			"locked": true
		},
		{
			"id": "c8b5a6e4-9936-42d2-8a77-12683e00848f",
			"parentId": "9831183d-f71d-4286-8bac-b533ca1a7e07",
			"parentKey": "results",
			"key": "previousResultDate",
			"type": "string",
			"level": 2,
			"aiPrompt": "Previous Result Date",
			"required": false,
			"locked": true
		},
		{
			"id": "fc7d6f25-eed2-4cf3-9773-8892e9450c7e",
			"parentId": "9831183d-f71d-4286-8bac-b533ca1a7e07",
			"parentKey": "results",
			"key": "units",
			"type": "string",
			"level": 2,
			"aiPrompt": "Unit of Measure",
			"required": false,
			"locked": true
		},
		{
			"id": "66eb7004-c389-4d32-af36-640553d0aa99",
			"parentId": "9831183d-f71d-4286-8bac-b533ca1a7e07",
			"parentKey": "results",
			"key": "trend",
			"type": "array-number",
			"level": 2,
			"aiPrompt": "Trend Numeric Array showing in the order of date (Previous to Current)",
			"required": false,
			"locked": true
		},
		{
			"id": "f724a601-ea5a-4a2c-b9d3-03d7bdde58ec",
			"parentId": "9831183d-f71d-4286-8bac-b533ca1a7e07",
			"parentKey": "results",
			"key": "trendRefIntervals",
			"type": "array-number",
			"level": 2,
			"aiPrompt": "Range of Normal Reference Intervals indicated as a Numeric Array",
			"required": false,
			"locked": true
		}
	]
}